{"DNN_precision": 0.1743614931237721, "DNN_recall": 0.25, "DNN_f1": 0.2054398148148148}{"TRM_precision": 0.418175785598082, "TRM_recall": 0.4615545122587376, "TRM_f1": 0.4361447900193287}