{"precision": 0.4243004037937835, "recall": 0.4476656233698487, "f1": 0.4307701711491442}{"TRM_precision": 0.41961277518807405, "TRM_recall": 0.44696139801773604, "TRM_f1": 0.42855756163851677}