{"precision": 0.4243004037937835, "recall": 0.4476656233698487, "f1": 0.4307701711491442}