{"DNN_precision": 0.1743614931237721, "DNN_recall": 0.25, "DNN_f1": 0.2054398148148148}