{"DNN_precision": 0.1743614931237721, "DNN_recall": 0.25, "DNN_f1": 0.2054398148148148}{"TRM_precision": 0.418175785598082, "TRM_recall": 0.4615545122587376, "TRM_f1": 0.4361447900193287}{"raw_DNN_precision": 0.16571194762684124, "raw_DNN_recall": 0.25, "raw_DNN_f1": 0.19931102362204722}{"raw_Conv1D_precision": 0.3329695767195767, "raw_Conv1D_recall": 0.4484741047246021, "raw_Conv1D_f1": 0.3696359077949156}{"raw_Conv1D_precision": 0.4195900178253119, "raw_Conv1D_recall": 0.4177795166058077, "raw_Conv1D_f1": 0.40693923994319253}{"raw_Conv1D_precision": 0.16571194762684124, "raw_Conv1D_recall": 0.25, "raw_Conv1D_f1": 0.19931102362204722}{"raw_DNN_precision": 0.1732186732186732, "raw_DNN_recall": 0.25, "raw_DNN_f1": 0.20464441219158197}{"raw_Conv1D_precision": 0.4099120799710948, "raw_Conv1D_recall": 0.46867612293144206, "raw_Conv1D_f1": 0.43595440329499424}{"raw_DNN_precision": 0.1732186732186732, "raw_DNN_recall": 0.25, "raw_DNN_f1": 0.20464441219158197}{"raw_TRM_precision": 0.9118316686251469, "raw_TRM_recall": 0.4423185623633552, "raw_TRM_f1": 0.4395140858385328}{"raw_TRM_precision": 0.7795216632742076, "raw_TRM_recall": 0.47240308217351895, "raw_TRM_f1": 0.47946546339257723}{"raw_DNN_precision": 0.1732186732186732, "raw_DNN_recall": 0.25, "raw_DNN_f1": 0.20464441219158197}{"raw_DNN_precision": 0.1732186732186732, "raw_DNN_recall": 0.25, "raw_DNN_f1": 0.20464441219158197}