{"TRM_precision": 0.4277497754266893, "TRM_recall": 0.4384063641105895, "TRM_f1": 0.4263219357836182}